[{"domain":".x.com","expirationDate":1793012390.639016,"hostOnly":false,"httpOnly":false,"name":"guest_id","path":"/","sameSite":"no_restriction","secure":true,"value":"v1%3A175879798841689094"},{"domain":".x.com","expirationDate":1793656667.0,"hostOnly":false,"httpOnly":false,"name":"__cuid","path":"/","sameSite":"lax","secure":false,"value":"c59dd08d0fd549938abaa179d3cda1b0"},{"domain":".x.com","expirationDate":1790334042.0,"hostOnly":false,"httpOnly":false,"name":"auth_token","path":"/","sameSite":"unspecified","secure":true,"value":"9ea8bd65c548b8f9036d8a4107c4d4cdaa928cd9"},{"domain":"x.com","expirationDate":0.0,"hostOnly":true,"httpOnly":false,"name":"lang","path":"/","sameSite":"unspecified","secure":false,"value":"en"},{"domain":".x.com","expirationDate":1790632681.757683,"hostOnly":false,"httpOnly":false,"name":"twid","path":"/","sameSite":"no_restriction","secure":true,"value":"u%3D66889365"},{"domain":".x.com","expirationDate":1793012442.705961,"hostOnly":false,"httpOnly":false,"name":"ct0","path":"/","sameSite":"lax","secure":true,"value":"2fabd4ca154dd56bfbd933f7ff148dc4125971b2a0d5b0e32879884bb6b3636f5d184877c27713a7c5a9442b1eac0d6be3172798ac92a75738e080deac707e6308dff041fcc59668fedf6e07947de481"},{"domain":".x.com","expirationDate":1774350129.659059,"hostOnly":false,"httpOnly":false,"name":"d_prefs","path":"/","sameSite":"unspecified","secure":true,"value":"MjoxLGNvbnNlbnRfdmVyc2lvbjoyLHRleHRfdmVyc2lvbjoxMDAw"},{"domain":".google.com","expirationDate":1774907863.198081,"hostOnly":false,"httpOnly":true,"name":"NID","path":"/","sameSite":"no_restriction","secure":true,"value":"525=DvExnvrJKiC4G73nKSkkDiwaNAnYQrva2vsyM3piayT3_Cx34QRro1PHYBsFeupZEG05Q08oxxCJpP5uA2fqkrOb0B5b1bANIBrjRSGN5azFpiM1rro2gG1YFhnjuuw627VoUlZn1nMh00Ux_ZXbKueqExcIgCNTnv9XDVLge5x2I7zZ6TxhmpQ_6JPxlA5y"}]